-- phpMyAdmin SQL Dump
-- version 5.2.1
-- https://www.phpmyadmin.net/
--
-- Host: 127.0.0.1
-- Generation Time: May 06, 2024 at 07:06 AM
-- Server version: 10.4.28-MariaDB
-- PHP Version: 8.2.4

SET SQL_MODE = "NO_AUTO_VALUE_ON_ZERO";
START TRANSACTION;
SET time_zone = "+00:00";


/*!40101 SET @OLD_CHARACTER_SET_CLIENT=@@CHARACTER_SET_CLIENT */;
/*!40101 SET @OLD_CHARACTER_SET_RESULTS=@@CHARACTER_SET_RESULTS */;
/*!40101 SET @OLD_COLLATION_CONNECTION=@@COLLATION_CONNECTION */;
/*!40101 SET NAMES utf8mb4 */;

--
-- Database: `mojtec`
--

-- --------------------------------------------------------

--
-- Table structure for table `cache`
--

CREATE TABLE `cache` (
  `key` varchar(255) NOT NULL,
  `value` mediumtext NOT NULL,
  `expiration` int(11) NOT NULL
) ENGINE=InnoDB DEFAULT CHARSET=utf8mb4 COLLATE=utf8mb4_unicode_ci;

-- --------------------------------------------------------

--
-- Table structure for table `cache_locks`
--

CREATE TABLE `cache_locks` (
  `key` varchar(255) NOT NULL,
  `owner` varchar(255) NOT NULL,
  `expiration` int(11) NOT NULL
) ENGINE=InnoDB DEFAULT CHARSET=utf8mb4 COLLATE=utf8mb4_unicode_ci;

-- --------------------------------------------------------

--
-- Table structure for table `failed_jobs`
--

CREATE TABLE `failed_jobs` (
  `id` bigint(20) UNSIGNED NOT NULL,
  `uuid` varchar(255) NOT NULL,
  `connection` text NOT NULL,
  `queue` text NOT NULL,
  `payload` longtext NOT NULL,
  `exception` longtext NOT NULL,
  `failed_at` timestamp NOT NULL DEFAULT current_timestamp()
) ENGINE=InnoDB DEFAULT CHARSET=utf8mb4 COLLATE=utf8mb4_unicode_ci;

-- --------------------------------------------------------

--
-- Table structure for table `iphones`
--

CREATE TABLE `iphones` (
  `id` bigint(20) UNSIGNED NOT NULL,
  `model` varchar(255) NOT NULL,
  `created_at` timestamp NULL DEFAULT NULL,
  `updated_at` timestamp NULL DEFAULT NULL
) ENGINE=InnoDB DEFAULT CHARSET=utf8mb4 COLLATE=utf8mb4_unicode_ci;

--
-- Dumping data for table `iphones`
--

INSERT INTO `iphones` (`id`, `model`, `created_at`, `updated_at`) VALUES
(1, 'iPhone 15 Pro Max', '2024-05-04 18:39:45', '2024-05-04 18:39:45'),
(2, 'iPhone 15 Pro', '2024-05-04 18:40:00', '2024-05-04 18:40:00'),
(3, 'iPhone 15 Plus', '2024-05-04 18:40:25', '2024-05-04 18:40:25'),
(4, 'iPhone 15', '2024-05-04 18:40:39', '2024-05-04 18:40:39'),
(5, 'iPhone 14 Pro Max', '2024-05-04 18:40:48', '2024-05-04 18:40:48'),
(6, 'iPhone 14 Pro', '2024-05-04 18:40:57', '2024-05-04 18:40:57'),
(7, 'iPhone 14 Plus', '2024-05-04 18:41:05', '2024-05-04 18:41:05'),
(8, 'iPhone 14', '2024-05-04 18:41:13', '2024-05-04 18:41:13'),
(9, 'iPhone 13 Pro Max', '2024-05-04 18:41:20', '2024-05-04 18:41:20'),
(10, 'iPhone 13 Pro', '2024-05-04 18:41:27', '2024-05-04 18:41:27'),
(11, 'iPhone 13 Mini', '2024-05-04 18:41:35', '2024-05-04 18:41:35'),
(12, 'iPhone 13', '2024-05-04 18:41:43', '2024-05-04 18:41:43'),
(13, 'iPhone 12 Pro Max', '2024-05-04 18:41:51', '2024-05-04 18:41:51'),
(14, 'iPhone 12 Pro', '2024-05-04 18:41:58', '2024-05-04 18:41:58'),
(15, 'iPhone 12 Mini', '2024-05-04 18:42:06', '2024-05-04 18:42:06'),
(16, 'iPhone 12', '2024-05-04 18:42:13', '2024-05-04 18:42:13'),
(17, 'iPhone 11 Pro Max', '2024-05-04 18:42:20', '2024-05-04 18:42:20'),
(18, 'iPhone 11 Pro', '2024-05-04 18:42:41', '2024-05-04 18:42:41'),
(19, 'iPhone 11', '2024-05-04 18:42:49', '2024-05-04 18:42:49'),
(20, 'iPhone XS Max', '2024-05-04 18:42:57', '2024-05-04 18:42:57'),
(21, 'iPhone XS', '2024-05-04 18:43:03', '2024-05-04 18:43:03'),
(22, 'iPhone XR', '2024-05-04 18:43:09', '2024-05-04 18:43:09'),
(23, 'iPhone X', '2024-05-04 18:43:16', '2024-05-04 18:43:16'),
(24, 'iPhone 8 Plus', '2024-05-04 18:43:22', '2024-05-04 18:43:22'),
(25, 'iPhone 8', '2024-05-04 18:43:28', '2024-05-04 18:43:28'),
(26, 'iPhone 7 Plus', '2024-05-04 18:43:35', '2024-05-04 18:43:35'),
(27, 'iPhone 7', '2024-05-04 18:43:43', '2024-05-04 18:43:43'),
(28, 'iPhone 6S Plus', '2024-05-04 18:43:50', '2024-05-04 18:43:50'),
(29, 'iPhone 6S', '2024-05-04 18:43:57', '2024-05-04 18:43:57'),
(30, 'iPhone 6 Plus', '2024-05-04 18:44:05', '2024-05-04 18:44:05'),
(31, 'iPhone 6', '2024-05-04 18:44:20', '2024-05-04 18:44:20'),
(32, 'iPad (7, 8, 9)', '2024-05-04 18:44:43', '2024-05-04 18:44:43'),
(33, 'iPad Air (1, 5, 6)', '2024-05-04 18:44:52', '2024-05-04 18:44:52'),
(34, 'iPad Pro (9.7), iPad Air (3)', '2024-05-04 18:45:02', '2024-05-04 18:45:02'),
(35, 'iPad Mini (4, 5)', '2024-05-04 18:45:10', '2024-05-04 18:45:10'),
(36, 'iPad Air 2', '2024-05-04 18:45:17', '2024-05-04 18:45:17'),
(37, 'iPad Air 4', '2024-05-04 18:45:27', '2024-05-04 18:45:27'),
(38, 'iPad Mini 6', '2024-05-04 18:45:34', '2024-05-04 18:45:34'),
(39, 'iPad Pro 10.5', '2024-05-04 18:45:43', '2024-05-04 18:45:43'),
(40, 'iPad Pro 11-inch (2018)', '2024-05-04 18:45:51', '2024-05-04 18:45:51'),
(41, 'iPad Pro 11-inch (2021)', '2024-05-04 18:45:59', '2024-05-04 18:45:59'),
(42, 'iPad Air (4, 5)', '2024-05-04 18:46:06', '2024-05-04 18:46:06');

-- --------------------------------------------------------

--
-- Table structure for table `jobs`
--

CREATE TABLE `jobs` (
  `id` bigint(20) UNSIGNED NOT NULL,
  `queue` varchar(255) NOT NULL,
  `payload` longtext NOT NULL,
  `attempts` tinyint(3) UNSIGNED NOT NULL,
  `reserved_at` int(10) UNSIGNED DEFAULT NULL,
  `available_at` int(10) UNSIGNED NOT NULL,
  `created_at` int(10) UNSIGNED NOT NULL
) ENGINE=InnoDB DEFAULT CHARSET=utf8mb4 COLLATE=utf8mb4_unicode_ci;

-- --------------------------------------------------------

--
-- Table structure for table `job_batches`
--

CREATE TABLE `job_batches` (
  `id` varchar(255) NOT NULL,
  `name` varchar(255) NOT NULL,
  `total_jobs` int(11) NOT NULL,
  `pending_jobs` int(11) NOT NULL,
  `failed_jobs` int(11) NOT NULL,
  `failed_job_ids` longtext NOT NULL,
  `options` mediumtext DEFAULT NULL,
  `cancelled_at` int(11) DEFAULT NULL,
  `created_at` int(11) NOT NULL,
  `finished_at` int(11) DEFAULT NULL
) ENGINE=InnoDB DEFAULT CHARSET=utf8mb4 COLLATE=utf8mb4_unicode_ci;

-- --------------------------------------------------------

--
-- Table structure for table `migrations`
--

CREATE TABLE `migrations` (
  `id` int(10) UNSIGNED NOT NULL,
  `migration` varchar(255) NOT NULL,
  `batch` int(11) NOT NULL
) ENGINE=InnoDB DEFAULT CHARSET=utf8mb4 COLLATE=utf8mb4_unicode_ci;

--
-- Dumping data for table `migrations`
--

INSERT INTO `migrations` (`id`, `migration`, `batch`) VALUES
(1, '0001_01_01_000000_create_users_table', 1),
(2, '0001_01_01_000001_create_cache_table', 1),
(3, '0001_01_01_000002_create_jobs_table', 1),
(4, '2024_04_06_194542_create_personal_access_tokens_table', 1),
(5, '2024_04_07_120730_create_posts_table', 1),
(6, '2024_05_04_142219_create_iphones_table', 1),
(7, '2024_05_04_142242_create_repair_services_table', 1),
(8, '2024_05_04_142313_create_service_prices_table', 1);

-- --------------------------------------------------------

--
-- Table structure for table `password_reset_tokens`
--

CREATE TABLE `password_reset_tokens` (
  `email` varchar(255) NOT NULL,
  `token` varchar(255) NOT NULL,
  `created_at` timestamp NULL DEFAULT NULL
) ENGINE=InnoDB DEFAULT CHARSET=utf8mb4 COLLATE=utf8mb4_unicode_ci;

-- --------------------------------------------------------

--
-- Table structure for table `personal_access_tokens`
--

CREATE TABLE `personal_access_tokens` (
  `id` bigint(20) UNSIGNED NOT NULL,
  `tokenable_type` varchar(255) NOT NULL,
  `tokenable_id` bigint(20) UNSIGNED NOT NULL,
  `name` varchar(255) NOT NULL,
  `token` varchar(64) NOT NULL,
  `abilities` text DEFAULT NULL,
  `last_used_at` timestamp NULL DEFAULT NULL,
  `expires_at` timestamp NULL DEFAULT NULL,
  `created_at` timestamp NULL DEFAULT NULL,
  `updated_at` timestamp NULL DEFAULT NULL
) ENGINE=InnoDB DEFAULT CHARSET=utf8mb4 COLLATE=utf8mb4_unicode_ci;

--
-- Dumping data for table `personal_access_tokens`
--

INSERT INTO `personal_access_tokens` (`id`, `tokenable_type`, `tokenable_id`, `name`, `token`, `abilities`, `last_used_at`, `expires_at`, `created_at`, `updated_at`) VALUES
(3, 'App\\Models\\User', 1, 'authToken', 'b5bcfab4d52688ca29902dea4d11f24f7d633331f90ad74fda899ebde9fec42c', '[\"*\"]', NULL, NULL, '2024-05-05 12:01:46', '2024-05-05 12:01:46'),
(6, 'App\\Models\\User', 1, 'authToken', 'cfacf0040c2c0c16bd1ec7c34007248027e4bf7e4b60ac983bd4e4c7c598acb7', '[\"*\"]', NULL, NULL, '2024-05-05 19:34:08', '2024-05-05 19:34:08');

-- --------------------------------------------------------

--
-- Table structure for table `posts`
--

CREATE TABLE `posts` (
  `id` bigint(20) UNSIGNED NOT NULL,
  `title` varchar(255) NOT NULL,
  `description` varchar(255) NOT NULL,
  `created_at` timestamp NULL DEFAULT NULL,
  `updated_at` timestamp NULL DEFAULT NULL
) ENGINE=InnoDB DEFAULT CHARSET=utf8mb4 COLLATE=utf8mb4_unicode_ci;

-- --------------------------------------------------------

--
-- Table structure for table `repair_services`
--

CREATE TABLE `repair_services` (
  `id` bigint(20) UNSIGNED NOT NULL,
  `service_name` varchar(255) NOT NULL,
  `created_at` timestamp NULL DEFAULT NULL,
  `updated_at` timestamp NULL DEFAULT NULL
) ENGINE=InnoDB DEFAULT CHARSET=utf8mb4 COLLATE=utf8mb4_unicode_ci;

--
-- Dumping data for table `repair_services`
--

INSERT INTO `repair_services` (`id`, `service_name`, `created_at`, `updated_at`) VALUES
(1, 'صيانة الشاشة', '2024-05-04 18:36:44', '2024-05-04 18:36:44'),
(2, 'صيانة البطارية', '2024-05-04 18:37:03', '2024-05-04 18:37:03'),
(3, 'صيانة مدخل الشحن', '2024-05-04 18:37:18', '2024-05-04 18:37:18'),
(4, 'بكج حماية حراري كامل', '2024-05-04 18:37:32', '2024-05-04 18:37:32'),
(5, 'صيانه الكاميرا الخلفية', '2024-05-04 18:37:47', '2024-05-04 18:37:47'),
(6, 'صيانة الكاميرا الأمامية', '2024-05-04 18:38:02', '2024-05-04 18:38:02'),
(7, 'صيانة السماعات العلوية', '2024-05-04 18:38:14', '2024-05-04 18:38:14'),
(8, 'صيانه زجاج الكاميرا الخلفيه', '2024-05-04 18:38:28', '2024-05-04 18:38:28'),
(9, 'صيانة كسر الخلفية الزجاجية', '2024-05-04 18:38:42', '2024-05-04 18:38:42');

-- --------------------------------------------------------

--
-- Table structure for table `service_prices`
--

CREATE TABLE `service_prices` (
  `id` bigint(20) UNSIGNED NOT NULL,
  `iphone_id` bigint(20) UNSIGNED NOT NULL,
  `repair_service_id` bigint(20) UNSIGNED NOT NULL,
  `price` decimal(8,2) NOT NULL,
  `created_at` timestamp NULL DEFAULT NULL,
  `updated_at` timestamp NULL DEFAULT NULL
) ENGINE=InnoDB DEFAULT CHARSET=utf8mb4 COLLATE=utf8mb4_unicode_ci;

--
-- Dumping data for table `service_prices`
--

INSERT INTO `service_prices` (`id`, `iphone_id`, `repair_service_id`, `price`, `created_at`, `updated_at`) VALUES
(1, 1, 1, 2099.00, '2024-05-04 18:47:44', '2024-05-04 18:47:44'),
(2, 1, 2, 559.00, '2024-05-04 18:49:26', '2024-05-04 18:49:26'),
(3, 1, 3, 599.00, '2024-05-04 18:50:18', '2024-05-04 18:50:18'),
(4, 1, 4, 169.00, '2024-05-04 18:50:41', '2024-05-05 19:32:09'),
(5, 1, 5, 499.00, '2024-05-04 18:51:00', '2024-05-04 18:51:00'),
(6, 1, 6, 399.00, '2024-05-04 18:51:20', '2024-05-04 18:51:20'),
(7, 1, 7, 349.00, '2024-05-04 18:51:38', '2024-05-04 18:51:38'),
(8, 1, 8, 149.00, '2024-05-04 18:51:57', '2024-05-04 18:51:57'),
(9, 1, 9, 550.00, '2024-05-04 18:52:15', '2024-05-04 18:52:15'),
(10, 2, 1, 1649.00, '2024-05-04 18:52:51', '2024-05-04 18:52:51'),
(11, 2, 2, 559.00, '2024-05-04 18:53:29', '2024-05-04 18:53:29'),
(12, 2, 3, 599.00, '2024-05-04 18:53:44', '2024-05-04 18:53:44'),
(13, 2, 4, 169.00, '2024-05-04 18:54:03', '2024-05-05 19:32:22'),
(14, 2, 5, 499.00, '2024-05-04 18:54:19', '2024-05-04 18:54:19'),
(15, 2, 6, 399.00, '2024-05-04 18:54:38', '2024-05-04 18:54:38'),
(16, 2, 7, 349.00, '2024-05-04 18:54:57', '2024-05-04 18:54:57'),
(17, 2, 8, 149.00, '2024-05-04 18:55:16', '2024-05-04 18:55:16'),
(18, 2, 9, 550.00, '2024-05-04 18:55:33', '2024-05-04 18:55:33'),
(19, 3, 1, 1449.00, '2024-05-04 18:56:18', '2024-05-04 18:56:18'),
(20, 3, 2, 549.00, '2024-05-04 18:56:33', '2024-05-04 18:56:33'),
(21, 3, 3, 599.00, '2024-05-04 18:56:47', '2024-05-04 18:56:47'),
(22, 3, 4, 169.00, '2024-05-04 18:57:01', '2024-05-05 19:32:34'),
(23, 3, 5, 499.00, '2024-05-04 18:57:26', '2024-05-04 18:57:26'),
(24, 3, 6, 399.00, '2024-05-04 18:57:47', '2024-05-04 18:57:47'),
(25, 3, 7, 349.00, '2024-05-04 18:58:09', '2024-05-04 18:58:09'),
(26, 3, 8, 149.00, '2024-05-04 18:58:40', '2024-05-04 18:58:40'),
(27, 3, 9, 550.00, '2024-05-04 18:58:56', '2024-05-04 18:58:56'),
(28, 4, 1, 1449.00, '2024-05-04 18:59:26', '2024-05-04 18:59:26'),
(29, 4, 2, 549.00, '2024-05-04 19:00:02', '2024-05-04 19:00:02'),
(30, 4, 3, 599.00, '2024-05-04 19:00:16', '2024-05-04 19:00:16'),
(31, 4, 4, 169.00, '2024-05-04 19:00:28', '2024-05-05 19:32:44'),
(32, 4, 5, 499.00, '2024-05-04 19:00:47', '2024-05-04 19:00:47'),
(33, 4, 6, 399.00, '2024-05-04 19:01:06', '2024-05-04 19:01:06'),
(34, 4, 7, 349.00, '2024-05-04 19:01:23', '2024-05-04 19:01:23'),
(35, 4, 8, 149.00, '2024-05-04 19:01:38', '2024-05-04 19:01:38'),
(36, 4, 9, 550.00, '2024-05-04 19:01:55', '2024-05-04 19:01:55'),
(37, 5, 1, 1199.00, '2024-05-05 01:42:55', '2024-05-05 01:42:55'),
(38, 5, 2, 399.00, '2024-05-05 01:43:24', '2024-05-05 01:43:24'),
(39, 5, 3, 399.00, '2024-05-05 01:43:54', '2024-05-05 01:43:54'),
(40, 5, 4, 159.00, '2024-05-05 01:44:16', '2024-05-05 01:44:16'),
(41, 5, 5, 399.00, '2024-05-05 01:44:41', '2024-05-05 01:44:41'),
(42, 5, 6, 349.00, '2024-05-05 01:45:10', '2024-05-05 01:45:10'),
(43, 5, 7, 249.00, '2024-05-05 01:45:33', '2024-05-05 01:45:33'),
(44, 5, 8, 129.00, '2024-05-05 01:45:58', '2024-05-05 01:45:58'),
(45, 5, 9, 349.00, '2024-05-05 01:46:19', '2024-05-05 01:46:19'),
(46, 6, 2, 399.00, '2024-05-05 01:47:17', '2024-05-05 01:47:17'),
(47, 6, 3, 399.00, '2024-05-05 01:47:35', '2024-05-05 01:47:35'),
(48, 6, 4, 159.00, '2024-05-05 01:47:55', '2024-05-05 01:47:55'),
(49, 6, 5, 399.00, '2024-05-05 01:48:17', '2024-05-05 01:48:17'),
(50, 6, 6, 349.00, '2024-05-05 01:48:43', '2024-05-05 01:48:43'),
(51, 6, 7, 249.00, '2024-05-05 01:49:02', '2024-05-05 01:49:02'),
(52, 6, 8, 129.00, '2024-05-05 01:49:24', '2024-05-05 01:49:24'),
(53, 6, 9, 349.00, '2024-05-05 01:49:47', '2024-05-05 01:49:47'),
(54, 7, 1, 369.00, '2024-05-05 01:50:36', '2024-05-05 01:50:36'),
(55, 7, 2, 399.00, '2024-05-05 01:50:53', '2024-05-05 01:50:53'),
(56, 7, 3, 399.00, '2024-05-05 01:51:16', '2024-05-05 01:51:16'),
(57, 7, 4, 159.00, '2024-05-05 01:51:41', '2024-05-05 01:51:41'),
(58, 7, 5, 399.00, '2024-05-05 01:52:04', '2024-05-05 01:52:04'),
(59, 7, 6, 319.00, '2024-05-05 01:52:24', '2024-05-05 01:52:24'),
(60, 7, 7, 249.00, '2024-05-05 01:52:47', '2024-05-05 01:52:47'),
(61, 7, 8, 129.00, '2024-05-05 01:53:10', '2024-05-05 01:53:10'),
(62, 7, 9, 349.00, '2024-05-05 01:53:34', '2024-05-05 01:53:34'),
(63, 8, 1, 349.00, '2024-05-05 01:54:21', '2024-05-05 01:54:21'),
(64, 8, 2, 299.00, '2024-05-05 01:54:41', '2024-05-05 01:54:41'),
(65, 8, 3, 299.00, '2024-05-05 01:55:00', '2024-05-05 01:55:00'),
(66, 8, 4, 159.00, '2024-05-05 01:55:26', '2024-05-05 01:55:26'),
(67, 8, 5, 349.00, '2024-05-05 01:55:47', '2024-05-05 01:55:47'),
(68, 8, 6, 299.00, '2024-05-05 01:56:15', '2024-05-05 01:56:15'),
(69, 8, 7, 249.00, '2024-05-05 01:56:38', '2024-05-05 01:56:38'),
(70, 8, 8, 129.00, '2024-05-05 01:57:10', '2024-05-05 01:57:10'),
(71, 8, 9, 349.00, '2024-05-05 01:57:28', '2024-05-05 01:57:28'),
(72, 9, 1, 1099.00, '2024-05-05 01:58:19', '2024-05-05 01:58:19'),
(73, 9, 2, 249.00, '2024-05-05 01:58:37', '2024-05-05 01:58:37'),
(74, 9, 3, 299.00, '2024-05-05 01:58:54', '2024-05-05 01:58:54'),
(75, 9, 4, 149.00, '2024-05-05 01:59:14', '2024-05-05 01:59:14'),
(76, 9, 5, 299.00, '2024-05-05 01:59:44', '2024-05-05 01:59:44'),
(77, 9, 6, 249.00, '2024-05-05 02:00:02', '2024-05-05 02:00:02'),
(78, 9, 7, 229.00, '2024-05-05 02:00:24', '2024-05-05 02:00:24'),
(79, 9, 8, 99.00, '2024-05-05 02:01:13', '2024-05-05 02:01:13'),
(80, 9, 9, 269.00, '2024-05-05 02:01:34', '2024-05-05 02:01:34'),
(81, 10, 1, 1099.00, '2024-05-05 02:02:13', '2024-05-05 02:02:13'),
(82, 10, 2, 249.00, '2024-05-05 02:02:33', '2024-05-05 02:02:33'),
(83, 10, 3, 299.00, '2024-05-05 02:02:53', '2024-05-05 02:02:53'),
(84, 10, 4, 149.00, '2024-05-05 02:03:16', '2024-05-05 02:03:16'),
(85, 10, 5, 299.00, '2024-05-05 02:03:38', '2024-05-05 02:03:38'),
(86, 10, 6, 229.00, '2024-05-05 02:04:06', '2024-05-05 02:04:06'),
(87, 10, 7, 229.00, '2024-05-05 02:04:33', '2024-05-05 02:04:33'),
(88, 10, 8, 99.00, '2024-05-05 02:04:52', '2024-05-05 02:04:52'),
(89, 10, 9, 269.00, '2024-05-05 02:05:17', '2024-05-05 02:05:17'),
(90, 11, 1, 279.00, '2024-05-05 02:06:03', '2024-05-05 02:06:03'),
(91, 11, 2, 259.00, '2024-05-05 02:06:22', '2024-05-05 02:06:22'),
(92, 11, 3, 299.00, '2024-05-05 02:06:43', '2024-05-05 02:06:43'),
(93, 11, 4, 149.00, '2024-05-05 02:07:02', '2024-05-05 02:07:02'),
(94, 11, 5, 299.00, '2024-05-05 02:07:23', '2024-05-05 02:07:23'),
(95, 11, 6, 229.00, '2024-05-05 02:07:39', '2024-05-05 02:07:39'),
(96, 11, 7, 229.00, '2024-05-05 02:08:04', '2024-05-05 02:08:04'),
(97, 11, 8, 99.00, '2024-05-05 02:08:28', '2024-05-05 02:08:28'),
(98, 11, 9, 269.00, '2024-05-05 02:08:51', '2024-05-05 02:08:51'),
(99, 12, 1, 279.00, '2024-05-05 02:10:03', '2024-05-05 02:10:03'),
(100, 12, 2, 249.00, '2024-05-05 02:10:24', '2024-05-05 02:10:24'),
(101, 12, 3, 299.00, '2024-05-05 02:10:41', '2024-05-05 02:10:41'),
(102, 12, 4, 149.00, '2024-05-05 02:11:03', '2024-05-05 02:11:03'),
(103, 12, 5, 249.00, '2024-05-05 02:11:25', '2024-05-05 02:11:25'),
(104, 12, 6, 229.00, '2024-05-05 02:11:44', '2024-05-05 02:11:44'),
(105, 12, 7, 229.00, '2024-05-05 02:12:06', '2024-05-05 02:12:06'),
(106, 12, 8, 99.00, '2024-05-05 02:12:24', '2024-05-05 02:12:24'),
(107, 12, 9, 269.00, '2024-05-05 02:12:46', '2024-05-05 02:12:46'),
(108, 13, 1, 279.00, '2024-05-05 02:13:23', '2024-05-05 02:13:23'),
(109, 13, 2, 249.00, '2024-05-05 02:13:39', '2024-05-05 02:13:39'),
(110, 13, 3, 249.00, '2024-05-05 02:13:54', '2024-05-05 02:13:54'),
(111, 13, 4, 149.00, '2024-05-05 02:14:14', '2024-05-05 02:14:14'),
(112, 13, 5, 299.00, '2024-05-05 02:14:40', '2024-05-05 02:14:40'),
(113, 13, 6, 199.00, '2024-05-05 02:15:18', '2024-05-05 02:15:18'),
(114, 13, 7, 229.00, '2024-05-05 02:15:38', '2024-05-05 02:15:38'),
(115, 13, 8, 90.00, '2024-05-05 02:16:00', '2024-05-05 02:16:00'),
(116, 13, 9, 249.00, '2024-05-05 02:16:45', '2024-05-05 02:16:45'),
(117, 14, 1, 219.00, '2024-05-05 02:24:24', '2024-05-05 02:24:24'),
(118, 14, 2, 229.00, '2024-05-05 02:24:35', '2024-05-05 02:24:35'),
(119, 14, 3, 249.00, '2024-05-05 02:24:47', '2024-05-05 02:24:47'),
(120, 14, 4, 149.00, '2024-05-05 02:25:00', '2024-05-05 02:25:00'),
(121, 14, 5, 299.00, '2024-05-05 02:25:13', '2024-05-05 02:25:13'),
(122, 14, 6, 199.00, '2024-05-05 02:25:22', '2024-05-05 02:25:22'),
(123, 14, 7, 229.00, '2024-05-05 02:25:35', '2024-05-05 02:25:35'),
(124, 14, 8, 90.00, '2024-05-05 02:25:47', '2024-05-05 02:25:47'),
(125, 14, 9, 249.00, '2024-05-05 02:26:00', '2024-05-05 02:26:00'),
(126, 15, 1, 249.00, '2024-05-05 02:26:21', '2024-05-05 02:26:21'),
(127, 15, 2, 249.00, '2024-05-05 02:26:30', '2024-05-05 02:26:30'),
(128, 15, 3, 249.00, '2024-05-05 02:26:42', '2024-05-05 02:26:42'),
(129, 15, 4, 149.00, '2024-05-05 02:26:53', '2024-05-05 02:26:53'),
(130, 15, 5, 249.00, '2024-05-05 02:27:07', '2024-05-05 02:27:07'),
(131, 15, 6, 199.00, '2024-05-05 02:27:29', '2024-05-05 02:27:29'),
(132, 15, 7, 229.00, '2024-05-05 02:27:44', '2024-05-05 02:27:44'),
(133, 15, 8, 90.00, '2024-05-05 02:27:56', '2024-05-05 02:27:56'),
(134, 15, 9, 249.00, '2024-05-05 02:28:09', '2024-05-05 02:28:09'),
(135, 16, 1, 219.00, '2024-05-05 02:28:40', '2024-05-05 02:28:40'),
(136, 16, 2, 229.00, '2024-05-05 02:28:53', '2024-05-05 02:28:53'),
(137, 16, 3, 249.00, '2024-05-05 02:29:05', '2024-05-05 02:29:05'),
(138, 16, 4, 149.00, '2024-05-05 02:29:17', '2024-05-05 02:29:17'),
(139, 16, 5, 249.00, '2024-05-05 02:29:33', '2024-05-05 02:29:33'),
(140, 16, 6, 199.00, '2024-05-05 02:29:43', '2024-05-05 02:29:43'),
(141, 16, 7, 229.00, '2024-05-05 02:29:54', '2024-05-05 02:29:54'),
(142, 16, 8, 90.00, '2024-05-05 02:30:10', '2024-05-05 02:30:10'),
(143, 16, 9, 249.00, '2024-05-05 02:30:22', '2024-05-05 02:30:22'),
(144, 17, 1, 229.00, '2024-05-05 02:31:01', '2024-05-05 02:31:01'),
(145, 17, 2, 189.00, '2024-05-05 02:31:11', '2024-05-05 02:31:11'),
(146, 17, 3, 229.00, '2024-05-05 02:31:23', '2024-05-05 02:31:23'),
(147, 17, 4, 149.00, '2024-05-05 02:31:33', '2024-05-05 02:31:33'),
(148, 17, 5, 229.00, '2024-05-05 02:31:48', '2024-05-05 02:31:48'),
(149, 17, 6, 179.00, '2024-05-05 02:32:00', '2024-05-05 02:32:00'),
(150, 17, 7, 199.00, '2024-05-05 02:32:09', '2024-05-05 02:32:09'),
(151, 17, 8, 90.00, '2024-05-05 02:32:23', '2024-05-05 02:32:23'),
(152, 17, 9, 199.00, '2024-05-05 02:32:41', '2024-05-05 02:32:41'),
(153, 18, 1, 199.00, '2024-05-05 02:33:12', '2024-05-05 02:33:12'),
(154, 18, 2, 189.00, '2024-05-05 02:33:23', '2024-05-05 02:33:23'),
(155, 18, 3, 229.00, '2024-05-05 02:33:34', '2024-05-05 02:33:34'),
(156, 18, 4, 149.00, '2024-05-05 02:33:44', '2024-05-05 02:33:44'),
(157, 18, 5, 229.00, '2024-05-05 02:33:57', '2024-05-05 02:33:57'),
(158, 18, 6, 179.00, '2024-05-05 02:34:07', '2024-05-05 02:34:07'),
(159, 18, 7, 199.00, '2024-05-05 02:34:17', '2024-05-05 02:34:17'),
(160, 18, 8, 90.00, '2024-05-05 02:34:30', '2024-05-05 02:34:30'),
(161, 18, 9, 199.00, '2024-05-05 02:34:41', '2024-05-05 02:34:41'),
(162, 19, 1, 199.00, '2024-05-05 02:35:10', '2024-05-05 02:35:10'),
(163, 19, 2, 179.00, '2024-05-05 02:35:19', '2024-05-05 02:35:19'),
(164, 19, 3, 179.00, '2024-05-05 02:35:27', '2024-05-05 02:35:27'),
(165, 19, 4, 149.00, '2024-05-05 02:35:37', '2024-05-05 02:35:37'),
(166, 19, 5, 219.00, '2024-05-05 02:35:53', '2024-05-05 02:35:53'),
(167, 19, 6, 179.00, '2024-05-05 02:36:04', '2024-05-05 02:36:04'),
(168, 19, 7, 199.00, '2024-05-05 02:36:18', '2024-05-05 02:36:18'),
(169, 19, 8, 90.00, '2024-05-05 02:36:34', '2024-05-05 02:36:34'),
(170, 19, 9, 199.00, '2024-05-05 02:36:44', '2024-05-05 02:36:44'),
(171, 20, 1, 199.00, '2024-05-05 02:39:04', '2024-05-05 02:39:04'),
(172, 20, 2, 179.00, '2024-05-05 02:39:13', '2024-05-05 02:39:13'),
(173, 20, 3, 149.00, '2024-05-05 02:39:24', '2024-05-05 02:39:24'),
(174, 20, 4, 149.00, '2024-05-05 02:39:34', '2024-05-05 02:39:34'),
(175, 20, 5, 199.00, '2024-05-05 02:39:48', '2024-05-05 02:39:48'),
(176, 20, 6, 179.00, '2024-05-05 02:39:58', '2024-05-05 02:39:58'),
(177, 20, 7, 199.00, '2024-05-05 02:40:09', '2024-05-05 02:40:09'),
(178, 20, 8, 75.00, '2024-05-05 02:40:33', '2024-05-05 02:40:33'),
(179, 20, 9, 199.00, '2024-05-05 02:40:44', '2024-05-05 02:40:44'),
(180, 21, 1, 199.00, '2024-05-05 02:41:11', '2024-05-05 02:41:11'),
(181, 21, 2, 149.00, '2024-05-05 02:41:23', '2024-05-05 02:41:23'),
(182, 21, 3, 149.00, '2024-05-05 02:41:35', '2024-05-05 02:41:35'),
(183, 21, 4, 149.00, '2024-05-05 02:41:44', '2024-05-05 02:41:44'),
(184, 21, 5, 199.00, '2024-05-05 02:41:59', '2024-05-05 02:41:59'),
(185, 21, 6, 179.00, '2024-05-05 02:42:09', '2024-05-05 02:42:09'),
(186, 21, 7, 199.00, '2024-05-05 02:42:20', '2024-05-05 02:42:20'),
(187, 21, 8, 75.00, '2024-05-05 02:42:33', '2024-05-05 02:42:33'),
(188, 21, 9, 199.00, '2024-05-05 02:42:44', '2024-05-05 02:42:44'),
(189, 22, 1, 199.00, '2024-05-05 02:43:14', '2024-05-05 02:43:14'),
(190, 22, 2, 149.00, '2024-05-05 02:43:23', '2024-05-05 02:43:23'),
(191, 22, 3, 129.00, '2024-05-05 02:43:33', '2024-05-05 02:43:33'),
(192, 22, 4, 149.00, '2024-05-05 02:43:43', '2024-05-05 02:43:43'),
(193, 22, 5, 199.00, '2024-05-05 02:43:56', '2024-05-05 02:43:56'),
(194, 22, 6, 179.00, '2024-05-05 02:44:05', '2024-05-05 02:44:05'),
(195, 22, 7, 199.00, '2024-05-05 02:44:18', '2024-05-05 02:44:18'),
(196, 22, 8, 75.00, '2024-05-05 02:44:34', '2024-05-05 02:44:34'),
(197, 22, 9, 199.00, '2024-05-05 02:44:43', '2024-05-05 02:44:43'),
(198, 23, 1, 199.00, '2024-05-05 02:45:08', '2024-05-05 02:45:08'),
(199, 23, 2, 149.00, '2024-05-05 02:45:18', '2024-05-05 02:45:18'),
(200, 23, 3, 129.00, '2024-05-05 02:45:27', '2024-05-05 02:45:27'),
(201, 23, 4, 149.00, '2024-05-05 02:45:38', '2024-05-05 02:45:38'),
(202, 23, 5, 199.00, '2024-05-05 02:45:53', '2024-05-05 02:45:53'),
(203, 23, 6, 179.00, '2024-05-05 02:46:03', '2024-05-05 02:46:03'),
(204, 23, 7, 199.00, '2024-05-05 02:46:12', '2024-05-05 02:46:12'),
(205, 23, 8, 75.00, '2024-05-05 02:46:25', '2024-05-05 02:46:25'),
(206, 23, 9, 199.00, '2024-05-05 02:46:34', '2024-05-05 02:46:34'),
(207, 24, 1, 145.00, '2024-05-05 02:47:23', '2024-05-05 02:47:23'),
(208, 24, 2, 139.00, '2024-05-05 02:47:34', '2024-05-05 02:47:34'),
(209, 24, 3, 119.00, '2024-05-05 02:47:44', '2024-05-05 02:47:44'),
(210, 24, 4, 149.00, '2024-05-05 02:47:52', '2024-05-05 02:47:52'),
(211, 24, 5, 159.00, '2024-05-05 02:48:06', '2024-05-05 02:48:06'),
(212, 24, 6, 129.00, '2024-05-05 02:48:16', '2024-05-05 02:48:16'),
(213, 24, 7, 129.00, '2024-05-05 02:50:19', '2024-05-05 02:50:19'),
(214, 24, 8, 75.00, '2024-05-05 02:50:52', '2024-05-05 02:50:52'),
(215, 24, 9, 149.00, '2024-05-05 02:51:05', '2024-05-05 02:51:05'),
(216, 25, 1, 145.00, '2024-05-05 02:52:31', '2024-05-05 02:52:31'),
(217, 25, 2, 139.00, '2024-05-05 02:52:40', '2024-05-05 02:52:40'),
(218, 25, 3, 119.00, '2024-05-05 02:52:48', '2024-05-05 02:52:48'),
(219, 25, 4, 149.00, '2024-05-05 02:52:58', '2024-05-05 02:52:58'),
(220, 25, 5, 159.00, '2024-05-05 02:53:19', '2024-05-05 02:53:19'),
(221, 25, 6, 129.00, '2024-05-05 02:53:29', '2024-05-05 02:53:29'),
(222, 25, 7, 129.00, '2024-05-05 02:53:40', '2024-05-05 02:53:40'),
(223, 25, 8, 75.00, '2024-05-05 02:53:58', '2024-05-05 02:53:58'),
(224, 25, 9, 149.00, '2024-05-05 02:54:13', '2024-05-05 02:54:13'),
(225, 26, 1, 139.00, '2024-05-05 02:54:42', '2024-05-05 02:54:42'),
(226, 26, 2, 135.00, '2024-05-05 02:54:53', '2024-05-05 02:54:53'),
(227, 26, 3, 119.00, '2024-05-05 02:55:02', '2024-05-05 02:55:02'),
(228, 26, 4, 149.00, '2024-05-05 02:55:13', '2024-05-05 02:55:13'),
(229, 26, 5, 159.00, '2024-05-05 02:55:25', '2024-05-05 02:55:25'),
(230, 26, 6, 129.00, '2024-05-05 02:55:35', '2024-05-05 02:55:35'),
(231, 26, 7, 129.00, '2024-05-05 02:55:46', '2024-05-05 02:55:46'),
(232, 26, 8, 75.00, '2024-05-05 02:55:58', '2024-05-05 02:55:58'),
(233, 26, 9, 0.00, '2024-05-05 02:56:15', '2024-05-05 02:56:15'),
(234, 27, 1, 139.00, '2024-05-05 02:56:44', '2024-05-05 02:56:44'),
(235, 27, 2, 135.00, '2024-05-05 02:56:54', '2024-05-05 02:56:54'),
(236, 27, 3, 119.00, '2024-05-05 02:57:03', '2024-05-05 02:57:03'),
(237, 27, 4, 149.00, '2024-05-05 02:57:14', '2024-05-05 02:57:14'),
(238, 27, 5, 159.00, '2024-05-05 02:57:27', '2024-05-05 02:57:27'),
(239, 27, 6, 129.00, '2024-05-05 02:57:36', '2024-05-05 02:57:36'),
(240, 27, 7, 129.00, '2024-05-05 02:57:45', '2024-05-05 02:57:45'),
(241, 27, 8, 75.00, '2024-05-05 02:58:02', '2024-05-05 02:58:02'),
(242, 27, 9, 0.00, '2024-05-05 02:58:16', '2024-05-05 02:58:16'),
(243, 28, 1, 139.00, '2024-05-05 02:58:43', '2024-05-05 02:58:43'),
(244, 28, 2, 135.00, '2024-05-05 02:58:54', '2024-05-05 02:58:54'),
(245, 28, 3, 119.00, '2024-05-05 02:59:06', '2024-05-05 02:59:06'),
(246, 28, 4, 149.00, '2024-05-05 02:59:17', '2024-05-05 02:59:17'),
(247, 28, 5, 159.00, '2024-05-05 02:59:31', '2024-05-05 02:59:31'),
(248, 28, 6, 129.00, '2024-05-05 02:59:40', '2024-05-05 02:59:40'),
(249, 28, 7, 129.00, '2024-05-05 02:59:51', '2024-05-05 02:59:51'),
(250, 28, 8, 75.00, '2024-05-05 03:00:03', '2024-05-05 03:00:03'),
(251, 28, 9, 0.00, '2024-05-05 03:00:11', '2024-05-05 03:00:11'),
(252, 29, 1, 139.00, '2024-05-05 03:00:38', '2024-05-05 03:00:38'),
(253, 29, 2, 135.00, '2024-05-05 03:00:47', '2024-05-05 03:00:47'),
(254, 29, 3, 119.00, '2024-05-05 03:00:56', '2024-05-05 03:00:56'),
(255, 29, 4, 149.00, '2024-05-05 03:01:06', '2024-05-05 03:01:06'),
(256, 29, 5, 159.00, '2024-05-05 03:01:25', '2024-05-05 03:01:25'),
(257, 29, 6, 129.00, '2024-05-05 03:01:35', '2024-05-05 03:01:35'),
(258, 29, 7, 129.00, '2024-05-05 03:01:49', '2024-05-05 03:01:49'),
(259, 29, 8, 75.00, '2024-05-05 03:02:00', '2024-05-05 03:02:00'),
(260, 29, 9, 0.00, '2024-05-05 03:02:13', '2024-05-05 03:02:13'),
(261, 30, 1, 139.00, '2024-05-05 03:02:42', '2024-05-05 03:02:42'),
(262, 30, 2, 135.00, '2024-05-05 03:02:51', '2024-05-05 03:02:51'),
(263, 30, 3, 119.00, '2024-05-05 03:03:01', '2024-05-05 03:03:01'),
(264, 30, 4, 149.00, '2024-05-05 03:03:10', '2024-05-05 03:03:10'),
(265, 30, 5, 159.00, '2024-05-05 03:03:23', '2024-05-05 03:03:23'),
(266, 30, 6, 129.00, '2024-05-05 03:03:32', '2024-05-05 03:03:32'),
(267, 30, 7, 129.00, '2024-05-05 03:03:45', '2024-05-05 03:03:45'),
(268, 30, 8, 75.00, '2024-05-05 03:03:58', '2024-05-05 03:03:58'),
(269, 30, 9, 0.00, '2024-05-05 03:04:11', '2024-05-05 03:04:11'),
(270, 31, 1, 139.00, '2024-05-05 03:04:42', '2024-05-05 03:04:42'),
(271, 31, 2, 135.00, '2024-05-05 03:04:52', '2024-05-05 03:04:52'),
(272, 31, 3, 119.00, '2024-05-05 03:05:07', '2024-05-05 03:05:07'),
(273, 31, 4, 149.00, '2024-05-05 03:05:17', '2024-05-05 03:05:17'),
(274, 31, 5, 159.00, '2024-05-05 03:05:33', '2024-05-05 03:05:33'),
(275, 31, 6, 129.00, '2024-05-05 03:05:44', '2024-05-05 03:05:44'),
(276, 31, 7, 129.00, '2024-05-05 03:05:55', '2024-05-05 03:05:55'),
(277, 31, 8, 75.00, '2024-05-05 03:06:11', '2024-05-05 03:06:11'),
(278, 31, 9, 0.00, '2024-05-05 03:06:26', '2024-05-05 03:06:26'),
(279, 32, 1, 399.00, '2024-05-05 03:07:16', '2024-05-05 03:07:16'),
(280, 32, 2, 0.00, '2024-05-05 03:07:28', '2024-05-05 03:07:28'),
(281, 32, 3, 0.00, '2024-05-05 03:07:35', '2024-05-05 03:07:35'),
(282, 32, 4, 0.00, '2024-05-05 03:07:41', '2024-05-05 03:07:41'),
(283, 32, 5, 0.00, '2024-05-05 03:07:49', '2024-05-05 03:07:49'),
(284, 32, 6, 0.00, '2024-05-05 03:07:55', '2024-05-05 03:07:55'),
(285, 32, 7, 0.00, '2024-05-05 03:08:00', '2024-05-05 03:08:00'),
(286, 32, 8, 0.00, '2024-05-05 03:08:09', '2024-05-05 03:08:09'),
(287, 32, 9, 0.00, '2024-05-05 03:08:14', '2024-05-05 03:08:14'),
(288, 33, 1, 449.00, '2024-05-05 03:08:51', '2024-05-05 03:08:51'),
(289, 33, 2, 0.00, '2024-05-05 03:09:02', '2024-05-05 03:09:02'),
(290, 33, 3, 0.00, '2024-05-05 03:09:10', '2024-05-05 03:09:10'),
(291, 33, 4, 0.00, '2024-05-05 03:09:17', '2024-05-05 03:09:17'),
(292, 33, 5, 0.00, '2024-05-05 03:09:29', '2024-05-05 03:09:29'),
(293, 33, 6, 0.00, '2024-05-05 03:09:38', '2024-05-05 03:09:38'),
(294, 33, 7, 0.00, '2024-05-05 03:09:44', '2024-05-05 03:09:44'),
(295, 33, 8, 0.00, '2024-05-05 03:09:53', '2024-05-05 03:09:53'),
(296, 33, 9, 0.00, '2024-05-05 03:09:59', '2024-05-05 03:09:59'),
(297, 34, 1, 559.00, '2024-05-05 03:10:44', '2024-05-05 03:10:44'),
(298, 34, 2, 0.00, '2024-05-05 03:10:55', '2024-05-05 03:10:55'),
(299, 34, 3, 0.00, '2024-05-05 03:11:01', '2024-05-05 03:11:01'),
(300, 34, 4, 0.00, '2024-05-05 03:11:09', '2024-05-05 03:11:09'),
(301, 34, 5, 0.00, '2024-05-05 03:11:19', '2024-05-05 03:11:19'),
(302, 34, 6, 0.00, '2024-05-05 03:11:26', '2024-05-05 03:11:26'),
(303, 34, 7, 0.00, '2024-05-05 03:11:32', '2024-05-05 03:11:32'),
(304, 34, 8, 0.00, '2024-05-05 03:11:41', '2024-05-05 03:11:41'),
(305, 34, 9, 0.00, '2024-05-05 03:11:47', '2024-05-05 03:11:47'),
(306, 35, 1, 549.00, '2024-05-05 03:12:14', '2024-05-05 03:12:14'),
(307, 35, 2, 0.00, '2024-05-05 03:12:27', '2024-05-05 03:12:27'),
(308, 35, 3, 0.00, '2024-05-05 03:12:34', '2024-05-05 03:12:34'),
(309, 35, 4, 0.00, '2024-05-05 03:12:39', '2024-05-05 03:12:39'),
(310, 35, 5, 0.00, '2024-05-05 03:12:53', '2024-05-05 03:12:53'),
(311, 35, 6, 0.00, '2024-05-05 03:12:59', '2024-05-05 03:12:59'),
(312, 35, 7, 0.00, '2024-05-05 03:13:05', '2024-05-05 03:13:05'),
(313, 35, 8, 0.00, '2024-05-05 03:13:14', '2024-05-05 03:13:14'),
(314, 35, 9, 0.00, '2024-05-05 03:13:20', '2024-05-05 03:13:20'),
(315, 36, 1, 449.00, '2024-05-05 03:13:51', '2024-05-05 03:13:51'),
(316, 36, 2, 0.00, '2024-05-05 03:14:02', '2024-05-05 03:14:02'),
(317, 36, 3, 0.00, '2024-05-05 03:14:09', '2024-05-05 03:14:09'),
(318, 36, 4, 0.00, '2024-05-05 03:14:15', '2024-05-05 03:14:15'),
(319, 36, 5, 0.00, '2024-05-05 03:14:24', '2024-05-05 03:14:24'),
(320, 36, 6, 0.00, '2024-05-05 03:14:29', '2024-05-05 03:14:29'),
(321, 36, 7, 0.00, '2024-05-05 03:14:36', '2024-05-05 03:14:36'),
(322, 36, 8, 0.00, '2024-05-05 03:14:45', '2024-05-05 03:14:45'),
(323, 36, 9, 0.00, '2024-05-05 03:14:51', '2024-05-05 03:14:51'),
(324, 37, 1, 559.00, '2024-05-05 03:15:20', '2024-05-05 03:15:20'),
(325, 37, 2, 0.00, '2024-05-05 03:15:28', '2024-05-05 03:15:28'),
(326, 37, 3, 0.00, '2024-05-05 03:15:37', '2024-05-05 03:15:37'),
(327, 37, 4, 0.00, '2024-05-05 03:15:43', '2024-05-05 03:15:43'),
(328, 37, 5, 0.00, '2024-05-05 03:15:53', '2024-05-05 03:15:53'),
(329, 37, 6, 0.00, '2024-05-05 03:16:00', '2024-05-05 03:16:00'),
(330, 37, 7, 0.00, '2024-05-05 03:16:08', '2024-05-05 03:16:08'),
(331, 37, 8, 0.00, '2024-05-05 03:16:18', '2024-05-05 03:16:18'),
(332, 37, 9, 0.00, '2024-05-05 03:16:24', '2024-05-05 03:16:24'),
(333, 38, 1, 1299.00, '2024-05-05 03:17:13', '2024-05-05 03:17:13'),
(334, 38, 2, 0.00, '2024-05-05 03:17:23', '2024-05-05 03:17:23'),
(335, 38, 3, 0.00, '2024-05-05 03:17:31', '2024-05-05 03:17:31'),
(336, 38, 4, 0.00, '2024-05-05 03:17:40', '2024-05-05 03:17:40'),
(337, 38, 5, 0.00, '2024-05-05 03:17:49', '2024-05-05 03:17:49'),
(338, 38, 6, 0.00, '2024-05-05 03:17:56', '2024-05-05 03:17:56'),
(339, 38, 7, 0.00, '2024-05-05 03:18:02', '2024-05-05 03:18:02'),
(340, 38, 8, 0.00, '2024-05-05 03:18:14', '2024-05-05 03:18:14'),
(341, 38, 9, 0.00, '2024-05-05 03:18:20', '2024-05-05 03:18:20'),
(342, 39, 1, 799.00, '2024-05-05 03:18:49', '2024-05-05 03:18:49'),
(343, 39, 2, 0.00, '2024-05-05 03:18:58', '2024-05-05 03:18:58'),
(344, 39, 3, 0.00, '2024-05-05 03:19:04', '2024-05-05 03:19:04'),
(345, 39, 4, 0.00, '2024-05-05 03:19:13', '2024-05-05 03:19:13'),
(346, 39, 5, 0.00, '2024-05-05 03:19:20', '2024-05-05 03:19:20'),
(347, 39, 6, 0.00, '2024-05-05 03:19:26', '2024-05-05 03:19:26'),
(348, 39, 7, 0.00, '2024-05-05 03:19:36', '2024-05-05 03:19:36'),
(349, 39, 8, 0.00, '2024-05-05 03:19:46', '2024-05-05 03:19:46'),
(350, 39, 9, 0.00, '2024-05-05 03:19:53', '2024-05-05 03:19:53'),
(351, 40, 1, 799.00, '2024-05-05 03:20:34', '2024-05-05 03:20:34'),
(352, 40, 2, 0.00, '2024-05-05 03:20:44', '2024-05-05 03:20:44'),
(353, 40, 3, 0.00, '2024-05-05 03:20:49', '2024-05-05 03:20:49'),
(354, 40, 4, 0.00, '2024-05-05 03:20:55', '2024-05-05 03:20:55'),
(355, 40, 5, 0.00, '2024-05-05 03:21:03', '2024-05-05 03:21:03'),
(356, 40, 6, 0.00, '2024-05-05 03:21:10', '2024-05-05 03:21:10'),
(357, 40, 7, 0.00, '2024-05-05 03:21:19', '2024-05-05 03:21:19'),
(358, 40, 8, 0.00, '2024-05-05 03:21:25', '2024-05-05 03:21:25'),
(359, 40, 9, 0.00, '2024-05-05 03:21:34', '2024-05-05 03:21:34'),
(360, 41, 1, 799.00, '2024-05-05 03:22:07', '2024-05-05 03:22:07'),
(361, 41, 2, 0.00, '2024-05-05 03:22:16', '2024-05-05 03:22:16'),
(362, 41, 3, 0.00, '2024-05-05 03:22:22', '2024-05-05 03:22:22'),
(363, 41, 4, 0.00, '2024-05-05 03:22:27', '2024-05-05 03:22:27'),
(364, 41, 5, 0.00, '2024-05-05 03:22:37', '2024-05-05 03:22:37'),
(365, 41, 6, 0.00, '2024-05-05 03:22:42', '2024-05-05 03:22:42'),
(366, 41, 7, 0.00, '2024-05-05 03:22:47', '2024-05-05 03:22:47'),
(367, 41, 8, 0.00, '2024-05-05 03:22:55', '2024-05-05 03:22:55'),
(368, 41, 9, 0.00, '2024-05-05 03:23:02', '2024-05-05 03:23:02'),
(369, 42, 1, 559.00, '2024-05-05 03:23:44', '2024-05-05 03:23:44'),
(370, 42, 2, 0.00, '2024-05-05 03:23:52', '2024-05-05 03:23:52'),
(371, 42, 3, 0.00, '2024-05-05 03:23:59', '2024-05-05 03:23:59'),
(372, 42, 4, 0.00, '2024-05-05 03:24:05', '2024-05-05 03:24:05'),
(373, 42, 5, 0.00, '2024-05-05 03:24:13', '2024-05-05 03:24:13'),
(374, 42, 6, 0.00, '2024-05-05 03:24:19', '2024-05-05 03:24:19'),
(375, 42, 7, 0.00, '2024-05-05 03:24:25', '2024-05-05 03:24:25'),
(376, 42, 8, 0.00, '2024-05-05 03:24:34', '2024-05-05 17:34:46'),
(377, 42, 9, 0.00, '2024-05-05 03:24:40', '2024-05-05 18:14:54'),
(378, 6, 1, 1099.00, '2024-05-05 19:28:17', '2024-05-05 19:28:17');

-- --------------------------------------------------------

--
-- Table structure for table `sessions`
--

CREATE TABLE `sessions` (
  `id` varchar(255) NOT NULL,
  `user_id` bigint(20) UNSIGNED DEFAULT NULL,
  `ip_address` varchar(45) DEFAULT NULL,
  `user_agent` text DEFAULT NULL,
  `payload` longtext NOT NULL,
  `last_activity` int(11) NOT NULL
) ENGINE=InnoDB DEFAULT CHARSET=utf8mb4 COLLATE=utf8mb4_unicode_ci;

-- --------------------------------------------------------

--
-- Table structure for table `users`
--

CREATE TABLE `users` (
  `id` bigint(20) UNSIGNED NOT NULL,
  `email` varchar(255) NOT NULL,
  `email_verified_at` timestamp NULL DEFAULT NULL,
  `email_sha1_hash` varchar(255) DEFAULT NULL,
  `role` tinyint(3) UNSIGNED NOT NULL DEFAULT 3,
  `password` varchar(255) NOT NULL,
  `remember_token` varchar(100) DEFAULT NULL,
  `created_at` timestamp NULL DEFAULT NULL,
  `updated_at` timestamp NULL DEFAULT NULL
) ENGINE=InnoDB DEFAULT CHARSET=utf8mb4 COLLATE=utf8mb4_unicode_ci;

--
-- Dumping data for table `users`
--

INSERT INTO `users` (`id`, `email`, `email_verified_at`, `email_sha1_hash`, `role`, `password`, `remember_token`, `created_at`, `updated_at`) VALUES
(1, 'admin@mail.com', '2024-05-05 11:53:38', 'd094050f3c1f7c846961a11363683cd1263436f4', 3, '$2y$12$mFxQCEM.qsas/y2.c2DPOuN0jeg/rirpEoEiPBjOIZBwUt9URwHjG', NULL, '2024-05-05 11:53:38', '2024-05-05 11:53:38');

--
-- Indexes for dumped tables
--

--
-- Indexes for table `cache`
--
ALTER TABLE `cache`
  ADD PRIMARY KEY (`key`);

--
-- Indexes for table `cache_locks`
--
ALTER TABLE `cache_locks`
  ADD PRIMARY KEY (`key`);

--
-- Indexes for table `failed_jobs`
--
ALTER TABLE `failed_jobs`
  ADD PRIMARY KEY (`id`),
  ADD UNIQUE KEY `failed_jobs_uuid_unique` (`uuid`);

--
-- Indexes for table `iphones`
--
ALTER TABLE `iphones`
  ADD PRIMARY KEY (`id`);

--
-- Indexes for table `jobs`
--
ALTER TABLE `jobs`
  ADD PRIMARY KEY (`id`),
  ADD KEY `jobs_queue_index` (`queue`);

--
-- Indexes for table `job_batches`
--
ALTER TABLE `job_batches`
  ADD PRIMARY KEY (`id`);

--
-- Indexes for table `migrations`
--
ALTER TABLE `migrations`
  ADD PRIMARY KEY (`id`);

--
-- Indexes for table `password_reset_tokens`
--
ALTER TABLE `password_reset_tokens`
  ADD PRIMARY KEY (`email`);

--
-- Indexes for table `personal_access_tokens`
--
ALTER TABLE `personal_access_tokens`
  ADD PRIMARY KEY (`id`),
  ADD UNIQUE KEY `personal_access_tokens_token_unique` (`token`),
  ADD KEY `personal_access_tokens_tokenable_type_tokenable_id_index` (`tokenable_type`,`tokenable_id`);

--
-- Indexes for table `posts`
--
ALTER TABLE `posts`
  ADD PRIMARY KEY (`id`);

--
-- Indexes for table `repair_services`
--
ALTER TABLE `repair_services`
  ADD PRIMARY KEY (`id`);

--
-- Indexes for table `service_prices`
--
ALTER TABLE `service_prices`
  ADD PRIMARY KEY (`id`),
  ADD KEY `service_prices_iphone_id_foreign` (`iphone_id`),
  ADD KEY `service_prices_repair_service_id_foreign` (`repair_service_id`);

--
-- Indexes for table `sessions`
--
ALTER TABLE `sessions`
  ADD PRIMARY KEY (`id`),
  ADD KEY `sessions_user_id_index` (`user_id`),
  ADD KEY `sessions_last_activity_index` (`last_activity`);

--
-- Indexes for table `users`
--
ALTER TABLE `users`
  ADD PRIMARY KEY (`id`),
  ADD UNIQUE KEY `users_email_unique` (`email`);

--
-- AUTO_INCREMENT for dumped tables
--

--
-- AUTO_INCREMENT for table `failed_jobs`
--
ALTER TABLE `failed_jobs`
  MODIFY `id` bigint(20) UNSIGNED NOT NULL AUTO_INCREMENT;

--
-- AUTO_INCREMENT for table `iphones`
--
ALTER TABLE `iphones`
  MODIFY `id` bigint(20) UNSIGNED NOT NULL AUTO_INCREMENT, AUTO_INCREMENT=43;

--
-- AUTO_INCREMENT for table `jobs`
--
ALTER TABLE `jobs`
  MODIFY `id` bigint(20) UNSIGNED NOT NULL AUTO_INCREMENT;

--
-- AUTO_INCREMENT for table `migrations`
--
ALTER TABLE `migrations`
  MODIFY `id` int(10) UNSIGNED NOT NULL AUTO_INCREMENT, AUTO_INCREMENT=9;

--
-- AUTO_INCREMENT for table `personal_access_tokens`
--
ALTER TABLE `personal_access_tokens`
  MODIFY `id` bigint(20) UNSIGNED NOT NULL AUTO_INCREMENT, AUTO_INCREMENT=7;

--
-- AUTO_INCREMENT for table `posts`
--
ALTER TABLE `posts`
  MODIFY `id` bigint(20) UNSIGNED NOT NULL AUTO_INCREMENT;

--
-- AUTO_INCREMENT for table `repair_services`
--
ALTER TABLE `repair_services`
  MODIFY `id` bigint(20) UNSIGNED NOT NULL AUTO_INCREMENT, AUTO_INCREMENT=10;

--
-- AUTO_INCREMENT for table `service_prices`
--
ALTER TABLE `service_prices`
  MODIFY `id` bigint(20) UNSIGNED NOT NULL AUTO_INCREMENT, AUTO_INCREMENT=379;

--
-- AUTO_INCREMENT for table `users`
--
ALTER TABLE `users`
  MODIFY `id` bigint(20) UNSIGNED NOT NULL AUTO_INCREMENT, AUTO_INCREMENT=2;

--
-- Constraints for dumped tables
--

--
-- Constraints for table `service_prices`
--
ALTER TABLE `service_prices`
  ADD CONSTRAINT `service_prices_iphone_id_foreign` FOREIGN KEY (`iphone_id`) REFERENCES `iphones` (`id`),
  ADD CONSTRAINT `service_prices_repair_service_id_foreign` FOREIGN KEY (`repair_service_id`) REFERENCES `repair_services` (`id`);
COMMIT;

/*!40101 SET CHARACTER_SET_CLIENT=@OLD_CHARACTER_SET_CLIENT */;
/*!40101 SET CHARACTER_SET_RESULTS=@OLD_CHARACTER_SET_RESULTS */;
/*!40101 SET COLLATION_CONNECTION=@OLD_COLLATION_CONNECTION */;
